DATE,TIME,WINNING NUMBERS,DRAW
"Sep 01, 2024",2PM,02 - 08,2D LOTTO
"Sep 01, 2024",2PM,8 - 4 - 1,3D LOTTO
"Sep 01, 2024",5PM,04 - 11,2D LOTTO
"Sep 01, 2024",5PM,0 - 6 - 6,3D LOTTO
"Sep 01, 2024",9PM,28 - 20,2D LOTTO
"Sep 01, 2024",9PM,7 - 5 - 8,3D LOTTO
"Sep 01, 2024",9PM,20 - 44 - 28 - 04 - 16 - 48,6/49 SUPER LOTTO
"Sep 02, 2024",2PM,17 - 15,2D LOTTO
"Sep 02, 2024",2PM,3 - 0 - 4,3D LOTTO
"Sep 02, 2024",5PM,27 - 02,2D LOTTO
"Sep 02, 2024",5PM,7 - 4 - 9,3D LOTTO
"Sep 02, 2024",9PM,21 - 16,2D LOTTO
"Sep 02, 2024",9PM,6 - 7 - 1,3D LOTTO
"Sep 02, 2024",9PM,30 - 17 - 36 - 16 - 25 - 39,6/45 MEGA LOTTO
"Sep 03, 2024",2PM,26 - 04,2D LOTTO
"Sep 03, 2024",2PM,3 - 8 - 9,3D LOTTO
"Sep 03, 2024",5PM,28 - 14,2D LOTTO
"Sep 03, 2024",5PM,0 - 1 - 9,3D LOTTO
"Sep 03, 2024",9PM,22 - 23,2D LOTTO
"Sep 03, 2024",9PM,1 - 9 - 1,3D LOTTO
"Sep 03, 2024",9PM,11 - 13 - 20 - 44 - 01 - 18,6/49 SUPER LOTTO
"Sep 04, 2024",2PM,18 - 04,2D LOTTO
"Sep 04, 2024",2PM,2 - 4 - 2,3D LOTTO
"Sep 04, 2024",5PM,21 - 13,2D LOTTO
"Sep 04, 2024",5PM,0 - 8 - 5,3D LOTTO
"Sep 04, 2024",9PM,02 - 22,2D LOTTO
"Sep 04, 2024",9PM,0 - 1 - 7,3D LOTTO
"Sep 04, 2024",9PM,33 - 42 - 28 - 16 - 43 - 20,6/45 MEGA LOTTO
"Sep 05, 2024",2PM,28 - 18,2D LOTTO
"Sep 05, 2024",2PM,4 - 9 - 4,3D LOTTO
"Sep 05, 2024",5PM,19 - 07,2D LOTTO
"Sep 05, 2024",5PM,9 - 3 - 6,3D LOTTO
"Sep 05, 2024",9PM,22 - 29,2D LOTTO
"Sep 05, 2024",9PM,7 - 5 - 1,3D LOTTO
"Sep 05, 2024",9PM,28 - 49 - 44 - 42 - 09 - 12,6/49 SUPER LOTTO
"Sep 06, 2024",2PM,22 - 26,2D LOTTO
"Sep 06, 2024",2PM,4 - 9 - 2,3D LOTTO
"Sep 06, 2024",5PM,08 - 03,2D LOTTO
"Sep 06, 2024",5PM,5 - 3 - 4,3D LOTTO
"Sep 06, 2024",9PM,12 - 31,2D LOTTO
"Sep 06, 2024",9PM,9 - 1 - 1,3D LOTTO
"Sep 06, 2024",9PM,53 - 45 - 18 - 41 - 40 - 13,6/58 ULTRA LOTTO
"Sep 07, 2024",2PM,20 - 03,2D LOTTO
"Sep 07, 2024",2PM,7 - 8 - 4,3D LOTTO
"Sep 07, 2024",5PM,29 - 01,2D LOTTO
"Sep 07, 2024",5PM,5 - 3 - 7,3D LOTTO
"Sep 07, 2024",9PM,01 - 19,2D LOTTO
"Sep 07, 2024",9PM,6 - 5 - 5,3D LOTTO
"Sep 07, 2024",9PM,31 - 03 - 17 - 47 - 24 - 20,6/55 GRAND LOTTO
"Sep 08, 2024",2PM,18 - 25,2D LOTTO
"Sep 08, 2024",2PM,6 - 4 - 1,3D LOTTO
"Sep 08, 2024",5PM,05 - 01,2D LOTTO
"Sep 08, 2024",5PM,5 - 1 - 0,3D LOTTO
"Sep 08, 2024",9PM,03 - 24,2D LOTTO
"Sep 08, 2024",9PM,5 - 4 - 5,3D LOTTO
"Sep 08, 2024",9PM,07 - 38 - 43 - 03 - 49 - 35,6/49 SUPER LOTTO
"Sep 09, 2024",2PM,03 - 30,2D LOTTO
"Sep 09, 2024",2PM,1 - 8 - 5,3D LOTTO
"Sep 09, 2024",5PM,29 - 24,2D LOTTO
"Sep 09, 2024",5PM,5 - 6 - 6,3D LOTTO
"Sep 09, 2024",9PM,01 - 19,2D LOTTO
"Sep 09, 2024",9PM,9 - 3 - 3,3D LOTTO
"Sep 09, 2024",9PM,33 - 37 - 09 - 12 - 25 - 07,6/45 MEGA LOTTO
"Sep 10, 2024",2PM,18 - 24,2D LOTTO
"Sep 10, 2024",2PM,5 - 1 - 6,3D LOTTO
"Sep 10, 2024",5PM,20 - 11,2D LOTTO
"Sep 10, 2024",5PM,4 - 9 - 0,3D LOTTO
"Sep 10, 2024",9PM,15 - 08,2D LOTTO
"Sep 10, 2024",9PM,9 - 4 - 9,3D LOTTO
"Sep 10, 2024",9PM,13 - 02 - 35 - 19 - 45 - 17,6/49 SUPER LOTTO
"Sep 11, 2024",2PM,15 - 29,2D LOTTO
"Sep 11, 2024",2PM,4 - 4 - 6,3D LOTTO
"Sep 11, 2024",5PM,19 - 19,2D LOTTO
"Sep 11, 2024",5PM,6 - 1 - 3,3D LOTTO
"Sep 11, 2024",9PM,14 - 16,2D LOTTO
"Sep 11, 2024",9PM,6 - 2 - 9,3D LOTTO
"Sep 11, 2024",9PM,41 - 14 - 09 - 23 - 04 - 13,6/45 MEGA LOTTO
"Sep 12, 2024",2PM,31 - 28,2D LOTTO
"Sep 12, 2024",2PM,5 - 1 - 3,3D LOTTO
"Sep 12, 2024",5PM,30 - 07,2D LOTTO
"Sep 12, 2024",5PM,3 - 5 - 2,3D LOTTO
"Sep 12, 2024",9PM,04 - 05,2D LOTTO
"Sep 12, 2024",9PM,0 - 1 - 4,3D LOTTO
"Sep 12, 2024",9PM,12 - 38 - 44 - 18 - 05 - 24,6/49 SUPER LOTTO
"Sep 13, 2024",2PM,16 - 19,2D LOTTO
"Sep 13, 2024",2PM,6 - 6 - 1,3D LOTTO
"Sep 13, 2024",5PM,28 - 19,2D LOTTO
"Sep 13, 2024",5PM,8 - 3 - 2,3D LOTTO
"Sep 13, 2024",9PM,21 - 10,2D LOTTO
"Sep 13, 2024",9PM,2 - 6 - 3,3D LOTTO
"Sep 13, 2024",9PM,17 - 30 - 50 - 45 - 20 - 15,6/58 ULTRA LOTTO
"Sep 14, 2024",2PM,15 - 26,2D LOTTO
"Sep 14, 2024",2PM,1 - 2 - 9,3D LOTTO
"Sep 14, 2024",5PM,26 - 07,2D LOTTO
"Sep 14, 2024",5PM,9 - 9 - 8,3D LOTTO
"Sep 14, 2024",9PM,13 - 28,2D LOTTO
"Sep 14, 2024",9PM,7 - 3 - 2,3D LOTTO
"Sep 14, 2024",9PM,21 - 34 - 26 - 06 - 44 - 27,6/55 GRAND LOTTO
"Sep 15, 2024",2PM,20 - 12,2D LOTTO
"Sep 15, 2024",2PM,9 - 3 - 2,3D LOTTO
"Sep 15, 2024",5PM,31 - 23,2D LOTTO
"Sep 15, 2024",5PM,7 - 6 - 7,3D LOTTO
"Sep 15, 2024",9PM,19 - 29,2D LOTTO
"Sep 15, 2024",9PM,1 - 1 - 8,3D LOTTO
"Sep 15, 2024",9PM,32 - 25 - 15 - 19 - 21 - 09,6/49 SUPER LOTTO
"Sep 16, 2024",2PM,09 - 06,2D LOTTO
"Sep 16, 2024",2PM,2 - 2 - 5,3D LOTTO
"Sep 16, 2024",5PM,28 - 27,2D LOTTO
"Sep 16, 2024",5PM,3 - 0 - 8,3D LOTTO
"Sep 16, 2024",9PM,09 - 04,2D LOTTO
"Sep 16, 2024",9PM,4 - 4 - 2,3D LOTTO
"Sep 16, 2024",9PM,25 - 03 - 39 - 11 - 44 - 01,6/45 MEGA LOTTO
"Sep 17, 2024",2PM,07 - 15,2D LOTTO
"Sep 17, 2024",2PM,3 - 1 - 6,3D LOTTO
"Sep 17, 2024",5PM,10 - 16,2D LOTTO
"Sep 17, 2024",5PM,1 - 4 - 8,3D LOTTO
"Sep 17, 2024",9PM,22 - 08,2D LOTTO
"Sep 17, 2024",9PM,4 - 0 - 0,3D LOTTO
"Sep 17, 2024",9PM,18 - 26 - 19 - 45 - 41 - 32,6/49 SUPER LOTTO
"Sep 18, 2024",2PM,04 - 31,2D LOTTO
"Sep 18, 2024",2PM,4 - 9 - 5,3D LOTTO
"Sep 18, 2024",5PM,14 - 07,2D LOTTO
"Sep 18, 2024",5PM,2 - 9 - 3,3D LOTTO
"Sep 18, 2024",9PM,27 - 07,2D LOTTO
"Sep 18, 2024",9PM,0 - 6 - 4,3D LOTTO
"Sep 18, 2024",9PM,36 - 04 - 29 - 25 - 45 - 28,6/45 MEGA LOTTO
"Sep 19, 2024",2PM,04 - 09,2D LOTTO
"Sep 19, 2024",2PM,1 - 6 - 2,3D LOTTO
"Sep 19, 2024",5PM,28 - 10,2D LOTTO
"Sep 19, 2024",5PM,8 - 2 - 0,3D LOTTO
"Sep 19, 2024",9PM,12 - 21,2D LOTTO
"Sep 19, 2024",9PM,2 - 1 - 3,3D LOTTO
"Sep 19, 2024",9PM,32 - 24 - 38 - 03 - 05 - 15,6/49 SUPER LOTTO
"Sep 20, 2024",2PM,12 - 11,2D LOTTO
"Sep 20, 2024",2PM,9 - 2 - 9,3D LOTTO
"Sep 20, 2024",5PM,16 - 01,2D LOTTO
"Sep 20, 2024",5PM,1 - 9 - 8,3D LOTTO
"Sep 20, 2024",9PM,26 - 12,2D LOTTO
"Sep 20, 2024",9PM,2 - 7 - 5,3D LOTTO
"Sep 20, 2024",9PM,34 - 01 - 31 - 26 - 28 - 55,6/58 ULTRA LOTTO
"Sep 21, 2024",2PM,19 - 18,2D LOTTO
"Sep 21, 2024",2PM,6 - 8 - 4,3D LOTTO
"Sep 21, 2024",5PM,30 - 20,2D LOTTO
"Sep 21, 2024",5PM,9 - 0 - 5,3D LOTTO
"Sep 21, 2024",9PM,20 - 17,2D LOTTO
"Sep 21, 2024",9PM,9 - 2 - 4,3D LOTTO
"Sep 21, 2024",9PM,06 - 20 - 05 - 28 - 29 - 10,6/55 GRAND LOTTO
"Sep 22, 2024",2PM,12 - 01,2D LOTTO
"Sep 22, 2024",2PM,5 - 0 - 2,3D LOTTO
"Sep 22, 2024",5PM,21 - 09,2D LOTTO
"Sep 22, 2024",5PM,4 - 0 - 2,3D LOTTO
"Sep 22, 2024",9PM,31 - 07,2D LOTTO
"Sep 22, 2024",9PM,7 - 5 - 3,3D LOTTO
"Sep 22, 2024",9PM,06 - 35 - 10 - 18 - 47 - 45,6/49 SUPER LOTTO
"Sep 23, 2024",2PM,01 - 21,2D LOTTO
"Sep 23, 2024",2PM,8 - 7 - 7,3D LOTTO
"Sep 23, 2024",5PM,13 - 26,2D LOTTO
"Sep 23, 2024",5PM,3 - 4 - 2,3D LOTTO
"Sep 23, 2024",9PM,04 - 29,2D LOTTO
"Sep 23, 2024",9PM,6 - 1 - 5,3D LOTTO
"Sep 23, 2024",9PM,18 - 25 - 38 - 30 - 03 - 08,6/45 MEGA LOTTO
"Sep 24, 2024",2PM,26 - 31,2D LOTTO
"Sep 24, 2024",2PM,7 - 6 - 9,3D LOTTO
"Sep 24, 2024",5PM,05 - 03,2D LOTTO
"Sep 24, 2024",5PM,3 - 2 - 8,3D LOTTO
"Sep 24, 2024",9PM,24 - 21,2D LOTTO
"Sep 24, 2024",9PM,3 - 4 - 7,3D LOTTO
"Sep 24, 2024",9PM,39 - 46 - 19 - 36 - 09 - 49,6/49 SUPER LOTTO
"Sep 25, 2024",2PM,15 - 04,2D LOTTO
"Sep 25, 2024",2PM,1 - 2 - 2,3D LOTTO
"Sep 25, 2024",5PM,24 - 11,2D LOTTO
"Sep 25, 2024",5PM,4 - 1 - 5,3D LOTTO
"Sep 25, 2024",9PM,05 - 02,2D LOTTO
"Sep 25, 2024",9PM,2 - 2 - 3,3D LOTTO
"Sep 25, 2024",9PM,31 - 30 - 41 - 25 - 39 - 10,6/45 MEGA LOTTO
"Sep 26, 2024",2PM,01 - 18,2D LOTTO
"Sep 26, 2024",2PM,1 - 3 - 9,3D LOTTO
"Sep 26, 2024",5PM,09 - 25,2D LOTTO
"Sep 26, 2024",5PM,1 - 3 - 0,3D LOTTO
"Sep 26, 2024",9PM,30 - 03,2D LOTTO
"Sep 26, 2024",9PM,2 - 2 - 9,3D LOTTO
"Sep 26, 2024",9PM,20 - 30 - 06 - 46 - 25 - 39,6/49 SUPER LOTTO
"Sep 27, 2024",2PM,17 - 20,2D LOTTO
"Sep 27, 2024",2PM,4 - 5 - 7,3D LOTTO
"Sep 27, 2024",5PM,15 - 19,2D LOTTO
"Sep 27, 2024",5PM,7 - 0 - 3,3D LOTTO
"Sep 27, 2024",9PM,09 - 17,2D LOTTO
"Sep 27, 2024",9PM,7 - 0 - 3,3D LOTTO
"Sep 27, 2024",9PM,11 - 08 - 29 - 58 - 30 - 53,6/58 ULTRA LOTTO
"Sep 28, 2024",2PM,02 - 08,2D LOTTO
"Sep 28, 2024",2PM,3 - 2 - 2,3D LOTTO
"Sep 28, 2024",5PM,29 - 29,2D LOTTO
"Sep 28, 2024",5PM,5 - 5 - 6,3D LOTTO
"Sep 28, 2024",9PM,07 - 12,2D LOTTO
"Sep 28, 2024",9PM,2 - 4 - 0,3D LOTTO
"Sep 28, 2024",9PM,46 - 45 - 12 - 22 - 41 - 13,6/55 GRAND LOTTO
"Sep 29, 2024",2PM,05 - 26,2D LOTTO
"Sep 29, 2024",2PM,3 - 1 - 1,3D LOTTO
"Sep 29, 2024",5PM,11 - 30,2D LOTTO
"Sep 29, 2024",5PM,0 - 8 - 6,3D LOTTO
"Sep 29, 2024",9PM,14 - 20,2D LOTTO
"Sep 29, 2024",9PM,7 - 5 - 1,3D LOTTO
"Sep 29, 2024",9PM,21 - 39 - 15 - 45 - 26 - 03,6/49 SUPER LOTTO
"Sep 30, 2024",2PM,05 - 15,2D LOTTO
"Sep 30, 2024",2PM,3 - 7 - 1,3D LOTTO
"Sep 30, 2024",5PM,09 - 25,2D LOTTO
"Sep 30, 2024",5PM,7 - 7 - 2,3D LOTTO
"Sep 30, 2024",9PM,10 - 10,2D LOTTO
"Sep 30, 2024",9PM,3 - 0 - 1,3D LOTTO
"Sep 30, 2024",9PM,24 - 07 - 41 - 42 - 35 - 22,6/45 MEGA LOTTO
"Oct 01, 2024",2PM,14 - 06,2D LOTTO
"Oct 01, 2024",2PM,9 - 3 - 4,3D LOTTO
"Oct 01, 2024",5PM,18 - 12,2D LOTTO
"Oct 01, 2024",5PM,8 - 3 - 1,3D LOTTO
"Oct 01, 2024",9PM,05 - 26,2D LOTTO
"Oct 01, 2024",9PM,8 - 2 - 0,3D LOTTO
"Oct 01, 2024",9PM,43 - 27 - 47 - 23 - 42 - 22,6/49 SUPER LOTTO
"Oct 02, 2024",2PM,28 - 12,2D LOTTO
"Oct 02, 2024",2PM,8 - 1 - 2,3D LOTTO
"Oct 02, 2024",5PM,17 - 24,2D LOTTO
"Oct 02, 2024",5PM,7 - 7 - 8,3D LOTTO
"Oct 02, 2024",9PM,06 - 09,2D LOTTO
"Oct 02, 2024",9PM,2 - 6 - 6,3D LOTTO
"Oct 02, 2024",9PM,36 - 45 - 35 - 20 - 12 - 03,6/45 MEGA LOTTO
"Oct 03, 2024",2PM,11 - 26,2D LOTTO
"Oct 03, 2024",2PM,5 - 2 - 7,3D LOTTO
"Oct 03, 2024",5PM,13 - 27,2D LOTTO
"Oct 03, 2024",5PM,0 - 5 - 6,3D LOTTO
"Oct 03, 2024",9PM,11 - 28,2D LOTTO
"Oct 03, 2024",9PM,3 - 0 - 8,3D LOTTO
"Oct 03, 2024",9PM,16 - 41 - 26 - 27 - 44 - 21,6/49 SUPER LOTTO
"Oct 04, 2024",2PM,11 - 18,2D LOTTO
"Oct 04, 2024",2PM,6 - 0 - 8,3D LOTTO
"Oct 04, 2024",5PM,14 - 05,2D LOTTO
"Oct 04, 2024",5PM,6 - 6 - 9,3D LOTTO
"Oct 04, 2024",9PM,14 - 16,2D LOTTO
"Oct 04, 2024",9PM,8 - 3 - 2,3D LOTTO
"Oct 04, 2024",9PM,46 - 19 - 11 - 40 - 41 - 16,6/58 ULTRA LOTTO
"Oct 05, 2024",2PM,19 - 02,2D LOTTO
"Oct 05, 2024",2PM,7 - 0 - 0,3D LOTTO
"Oct 05, 2024",5PM,26 - 19,2D LOTTO
"Oct 05, 2024",5PM,7 - 2 - 8,3D LOTTO
"Oct 05, 2024",9PM,10 - 10,2D LOTTO
"Oct 05, 2024",9PM,2 - 8 - 3,3D LOTTO
"Oct 05, 2024",9PM,10 - 28 - 03 - 53 - 41 - 20,6/55 GRAND LOTTO
"Oct 06, 2024",2PM,27 - 28,2D LOTTO
"Oct 06, 2024",2PM,5 - 0 - 2,3D LOTTO
"Oct 06, 2024",5PM,25 - 25,2D LOTTO
"Oct 06, 2024",5PM,1 - 8 - 0,3D LOTTO
"Oct 06, 2024",9PM,12 - 01,2D LOTTO
"Oct 06, 2024",9PM,2 - 5 - 1,3D LOTTO
"Oct 06, 2024",9PM,23 - 36 - 01 - 06 - 09 - 42,6/49 SUPER LOTTO
"Oct 07, 2024",2PM,02 - 04,2D LOTTO
"Oct 07, 2024",2PM,1 - 4 - 6,3D LOTTO
"Oct 07, 2024",5PM,07 - 25,2D LOTTO
"Oct 07, 2024",5PM,3 - 8 - 8,3D LOTTO
"Oct 07, 2024",9PM,17 - 8,2D LOTTO
"Oct 07, 2024",9PM,2 - 6 - 7,3D LOTTO
"Oct 07, 2024",9PM,40 - 36 - 28 - 6 - 3 - 17,6/45 MEGA LOTTO
"Oct 08, 2024",2PM,17 - 20,2D LOTTO
"Oct 08, 2024",2PM,6 - 2 - 7,3D LOTTO
"Oct 08, 2024",5PM,22 - 18,2D LOTTO
"Oct 08, 2024",5PM,7 - 1 - 1,3D LOTTO
"Oct 08, 2024",9PM,4 - 13,2D LOTTO
"Oct 08, 2024",9PM,6 - 6 - 6,3D LOTTO
"Oct 08, 2024",9PM,21 - 8 - 12 - 14 - 36 - 3,6/49 SUPER LOTTO
"Oct 09, 2024",2PM,14 - 17,2D LOTTO
"Oct 09, 2024",2PM,3 - 4 - 8,3D LOTTO
"Oct 09, 2024",5PM,19 - 24,2D LOTTO
"Oct 09, 2024",5PM,2 - 0 - 9,3D LOTTO
"Oct 09, 2024",9PM,5 - 9,2D LOTTO
"Oct 09, 2024",9PM,7 - 3 - 4,3D LOTTO
"Oct 09, 2024",9PM,24 - 36 - 32 - 31 - 37 - 38,6/45 MEGA LOTTO
"Oct 10, 2024",2PM,23 - 25,2D LOTTO
"Oct 10, 2024",2PM,9 - 7 - 2,3D LOTTO
"Oct 10, 2024",5PM,19 - 14,2D LOTTO
"Oct 10, 2024",5PM,8 - 3 - 4,3D LOTTO
"Oct 10, 2024",9PM,19 - 18,2D LOTTO
"Oct 10, 2024",9PM,3 - 1 - 0,3D LOTTO
"Oct 10, 2024",9PM,41 - 43 - 5 - 16 - 31 - 45,6/49 SUPER LOTTO
"Oct 11, 2024",2PM,8 - 26,2D LOTTO
"Oct 11, 2024",2PM,9 - 7 - 5,3D LOTTO
"Oct 11, 2024",5PM,27 - 25,2D LOTTO
"Oct 11, 2024",5PM,0 - 0 - 6,3D LOTTO
"Oct 11, 2024",9PM,5 - 11,2D LOTTO
"Oct 11, 2024",9PM,5 - 3 - 3,3D LOTTO
"Oct 11, 2024",9PM,4 - 17 - 39 - 14 - 38 - 10,6/58 ULTRA LOTTO
"Oct 12, 2024",2PM,8 - 1,2D LOTTO
"Oct 12, 2024",2PM,4 - 1 - 7,3D LOTTO
"Oct 12, 2024",5PM,19 - 3,2D LOTTO
"Oct 12, 2024",5PM,7 - 7 - 4,3D LOTTO
"Oct 12, 2024",9PM,24 - 13,2D LOTTO
"Oct 12, 2024",9PM,6 - 7 - 1,3D LOTTO
"Oct 12, 2024",9PM,5 - 43 - 40 - 25 - 27 - 36,6/55 GRAND LOTTO
"Oct 13, 2024",2PM,9 - 2,2D LOTTO
"Oct 13, 2024",2PM,7 - 3 - 8,3D LOTTO
"Oct 13, 2024",5PM,27 - 28,2D LOTTO
"Oct 13, 2024",5PM,4 - 5 - 0,3D LOTTO
"Oct 13, 2024",9PM,5 - 24,2D LOTTO
"Oct 13, 2024",9PM,4 - 4 - 3,3D LOTTO
"Oct 13, 2024",9PM,44 - 15 - 38 - 19 - 41 - 48,6/49 SUPER LOTTO
"Oct 14, 2024",2PM,16 - 6,2D LOTTO
"Oct 14, 2024",2PM,2 - 7 - 8,3D LOTTO
"Oct 14, 2024",5PM,19 - 24,2D LOTTO
"Oct 14, 2024",5PM,2 - 7 - 1,3D LOTTO
"Oct 14, 2024",9PM,30 - 24,2D LOTTO
"Oct 14, 2024",9PM,1 - 5 - 9,3D LOTTO
"Oct 14, 2024",9PM,20 - 37 - 28 - 23 - 9 - 3,6/45 MEGA LOTTO
"Oct 15, 2024",2PM,9 - 14,2D LOTTO
"Oct 15, 2024",2PM,0 - 0 - 4,3D LOTTO
"Oct 15, 2024",5PM,29 - 9,2D LOTTO
"Oct 15, 2024",5PM,8 - 3 - 8,3D LOTTO
"Oct 15, 2024",9PM,23 - 9,2D LOTTO
"Oct 15, 2024",9PM,7 - 0 - 1,3D LOTTO
"Oct 15, 2024",9PM,20 - 35 - 8 - 22 - 32 - 14,6/49 SUPER LOTTO
"Oct 16, 2024",2PM,30 - 1,2D LOTTO
"Oct 16, 2024",2PM,9 - 7 - 3,3D LOTTO
"Oct 16, 2024",5PM,10 - 11,2D LOTTO
"Oct 16, 2024",5PM,8 - 2 - 1,3D LOTTO
"Oct 16, 2024",9PM,3 - 25,2D LOTTO
"Oct 16, 2024",9PM,7 - 3 - 9,3D LOTTO
"Oct 16, 2024",9PM,34 - 7 - 13 - 22 - 21 - 9,6/45 MEGA LOTTO
"Oct 17, 2024",2PM,17 - 23,2D LOTTO
"Oct 17, 2024",2PM,0 - 7 - 7,3D LOTTO
"Oct 17, 2024",5PM,15 - 27,2D LOTTO
"Oct 17, 2024",5PM,4 - 4 - 6,3D LOTTO
"Oct 17, 2024",9PM,31 - 30,2D LOTTO
"Oct 17, 2024",9PM,0 - 3 - 2,3D LOTTO
"Oct 17, 2024",9PM,4 - 45 - 13 - 41 - 37 - 40,6/49 SUPER LOTTO
"Oct 18, 2024",2PM,10 - 19,2D LOTTO
"Oct 18, 2024",2PM,5 - 9 - 8,3D LOTTO
"Oct 18, 2024",5PM,5 - 22,2D LOTTO
"Oct 18, 2024",5PM,1 - 0 - 9,3D LOTTO
"Oct 18, 2024",9PM,9 - 19,2D LOTTO
"Oct 18, 2024",9PM,8 - 1 - 2,3D LOTTO
"Oct 18, 2024",9PM,30 - 25 - 47 - 9 - 53 - 40,6/58 ULTRA LOTTO
"Oct 19, 2024",2PM,22 - 20,2D LOTTO
"Oct 19, 2024",2PM,9 - 9 - 8,3D LOTTO
"Oct 19, 2024",5PM,9 - 29,2D LOTTO
"Oct 19, 2024",5PM,2 - 9 - 0,3D LOTTO
"Oct 19, 2024",9PM,15 - 22,2D LOTTO
"Oct 19, 2024",9PM,0 - 9 - 3,3D LOTTO
"Oct 19, 2024",9PM,55 - 46 - 20 - 44 - 23 - 42,6/55 GRAND LOTTO
"Oct 20, 2024",2PM,1 - 27,2D LOTTO
"Oct 20, 2024",2PM,6 - 6 - 4,3D LOTTO
"Oct 20, 2024",5PM,7 - 5,2D LOTTO
"Oct 20, 2024",5PM,5 - 7 - 9,3D LOTTO
"Oct 20, 2024",9PM,12 - 30,2D LOTTO
"Oct 20, 2024",9PM,3 - 4 - 9,3D LOTTO
"Oct 20, 2024",9PM,20 - 32 - 29 - 31 - 1 - 22,6/49 SUPER LOTTO
"Oct 21, 2024",2PM,3 - 1,2D LOTTO
"Oct 21, 2024",2PM,9- 9 - 6,3D LOTTO
"Oct 21, 2024",5PM,18 - 2,2D LOTTO
"Oct 21, 2024",5PM,6 - 8 - 7,3D LOTTO
"Oct 21, 2024",9PM,22 - 26,2D LOTTO
"Oct 21, 2024",9PM,6 - 5 - 3,3D LOTTO
"Oct 21, 2024",9PM,6 - 34 - 11 - 35 - 13 - 31,6/45 MEGA LOTTO
